{"cameraMode":{"drawMode":2,"name":"Shaded Wireframe","section":"Shading Mode"},"sceneLighting":true,"audioPlay":false,"sceneViewState":{"m_AlwaysRefresh":false,"showFog":true,"showSkybox":true,"showFlares":true,"showImageEffects":true,"showParticleSystems":true,"showVisualEffectGraphs":true,"m_FxEnabled":true},"in2DMode":false,"pivot":{"x":6.0019097328186039,"y":7.139430046081543,"z":2.3636903762817385},"rotation":{"x":0.0018892845837399364,"y":0.7281650900840759,"z":-0.004271580372005701,"w":-0.6862356662750244},"size":0.847800076007843,"orthographic":false}