{"cameraMode":{"drawMode":1,"name":"Wireframe","section":"Shading Mode"},"sceneLighting":false,"audioPlay":false,"sceneViewState":{"m_AlwaysRefresh":false,"showFog":true,"showSkybox":true,"showFlares":true,"showImageEffects":true,"showParticleSystems":true,"showVisualEffectGraphs":true,"m_FxEnabled":true},"in2DMode":false,"pivot":{"x":7.866009712219238,"y":6.757129192352295,"z":-20.291563034057618},"rotation":{"x":-0.011545083485543728,"y":0.9536417722702026,"z":0.036917559802532199,"w":0.2984488308429718},"size":13.094457626342774,"orthographic":false}