{"cameraMode":{"drawMode":0,"name":"Shaded","section":"Shading Mode"},"sceneLighting":false,"audioPlay":false,"sceneViewState":{"m_AlwaysRefresh":false,"showFog":true,"showSkybox":false,"showFlares":true,"showImageEffects":true,"showParticleSystems":true,"showVisualEffectGraphs":true,"m_FxEnabled":true},"in2DMode":false,"pivot":{"x":1.3147233724594117,"y":-0.13723008334636689,"z":0.030182331800460817},"rotation":{"x":-0.07705026865005493,"y":-0.7244051694869995,"z":0.082071453332901,"w":-0.6801446080207825},"size":1.6253092288970948,"orthographic":false}