{"cameraMode":{"drawMode":0,"name":"Shaded","section":"Shading Mode"},"sceneLighting":false,"audioPlay":false,"sceneViewState":{"m_AlwaysRefresh":false,"showFog":true,"showSkybox":false,"showFlares":true,"showImageEffects":true,"showParticleSystems":true,"showVisualEffectGraphs":true,"m_FxEnabled":true},"in2DMode":false,"pivot":{"x":0.3900485038757324,"y":-0.3690805733203888,"z":-0.3826923072338104},"rotation":{"x":-0.041720300912857059,"y":-0.9079625010490418,"z":0.09322243928909302,"w":-0.4064466059207916},"size":1.6253092288970948,"orthographic":false}